com/hit/comemyway/base/ApiResponse.java	fe239234fe2099a11d1fda59217f85b61014db2abcc82a6d66543915fe0759b3
com/hit/comemyway/base/CommonMessage.java	59ab48cf573a992fd74e4cdf90cd641c623b30041f6fd2dfedcf233c5e2d7c5b
com/hit/comemyway/ComemywayApplication.java	39d786b2f3ffd6ea6fe078ebf130d515735a3f498676439c365f37acddd2394c
com/hit/comemyway/config/CloudinaryConfig.java	8295837c9ebbebfd1eeca54a4296561112cb5b0240265d2c69dcce4e0e2174f9
com/hit/comemyway/config/FirebaseConfig.java	157d42edc1ee4b9aa9376e620b77eac5fe6a88d0fa756f8908de4c1c9c39eb73
com/hit/comemyway/config/OpenApiConfig.java	82c72db4da8b485bbc9a4f9c79f4e435a5292416db9832a37c421080c6676bcb
com/hit/comemyway/config/RedisConfig.java	dbf2afd9113c7553bace65400180ad6696a9132e208b56016ba34bb7320a65b2
com/hit/comemyway/config/RestTemplateConfig.java	c2df6202102923b63a5e1caeb9ef021e51501056aae91b9e4c124845285831f3
com/hit/comemyway/config/SecureRandomConfig.java	f0231c053bfe50c08d227022460a019a14e9c615f4b2ea757c215bd0c9368279
com/hit/comemyway/config/SecurityConfig.java	17e6fdcf59f78a6686f6f4ecf084c1827fc1774c8f45b27b9355e5a14fc9ab36
com/hit/comemyway/constant/ApiPath.java	4260120730e7bbbc2a24ad294ec324130c758299b6b15d4ae4be3f623e1c0b26
com/hit/comemyway/constant/CommonConstant.java	8376bcb06f1ddead300f86cf2137ab02aa60fb700f238be385cc2f1908f1fa67
com/hit/comemyway/constant/ErrorMessage.java	6df5cbf5dd658c4ac28ecbb7bf6d305434efd371ca0ea3e393e4bb7f00889eef
com/hit/comemyway/constant/RoleConstant.java	790bf8fc78af8c03aefb2af95f8996299cdbf94d5a5df783def5be82ca4aa437
com/hit/comemyway/constant/SuccessMessage.java	a5c42cdec1e9b49206ac117aab049faad7b0151bcfc013fc0f4859b804b2416f
com/hit/comemyway/constant/UrlConstant.java	2c3f8fa5e07df654f0520ad6e3e8aebe04e10c5afeb4712e9199870a4fdb6208
com/hit/comemyway/controller/AdminController.java	836f30335dc542a58019f3527c840c5ba3ce6499c4ad6f902fa0c66083572d3b
com/hit/comemyway/controller/AIController.java	034458464cdecf810157ef4c880e00e5dd51dba21eeb12d7b35a55e4719b8e92
com/hit/comemyway/controller/AppointmentController.java	27767a88a05f4a9d9c188cc3f49f93177f4fb7e7a7804a63e2cdc0e30b421c34
com/hit/comemyway/controller/AuthController.java	1b1af2fd6d4ea29dba19635508952ccf7de116502b65ed9e09811f5be6c3dc3b
com/hit/comemyway/controller/ClinicController.java	86e7afb6dea2602f7e7a9e1f0f66080cda683b61cc497400f86e47eb9d51fcfc
com/hit/comemyway/controller/ForgotPasswordController.java	206bb4f979a5263b4979d05b530c43745b9a9b81a5ea62a103b648eca86f94e5
com/hit/comemyway/controller/FriendshipController.java	1ed190e4d2113fae4a56f4cbe41ff5348ae503fd4bffa273f1f84d117ad3090b
com/hit/comemyway/controller/HealthController.java	2290025bec8c8c2347347effeec786a49899a15ed456afecdf7f074d84373a5b
com/hit/comemyway/controller/ImageController.java	e82375da96951b7f6ec14e41302bef914431f88e08262fd127a0408e4d966282
com/hit/comemyway/controller/PetLocketController.java	2cda7416a19054ce250c54d3563a139574201f5589143e12e450e40fb61f3dad
com/hit/comemyway/controller/SearchClinicController.java	2583bd3f12481874316b4a7c153d97ff7209b94ec1ac30d5fbeeb0e47103a1a0
com/hit/comemyway/controller/UserController.java	ebeaff0e6fe4a37151f08c3bae15c8c8921787869c62fbec817b86a543584ae0
com/hit/comemyway/dto/request/AIChatRequest.java	76e926c056f83ae12b1842e634224e8605504e68909f6dbdd32fd0a149def2be
com/hit/comemyway/dto/request/AppointmentRequest.java	4fb01798c4f78f05ab050ea8bea52e7a998190395de35adf90856cad556ac2c2
com/hit/comemyway/dto/request/ChangePasswordRequest.java	ed383214a6034d17f2022740d3f07dc01d4f50f406da9a0e77e2084bea7cf4e8
com/hit/comemyway/dto/request/ChangeUserPasswordRequest.java	20856c2e9356f2135e7c9365118805df9ff1b594c6a75295deef7b0894318f8c
com/hit/comemyway/dto/request/CompleteClinicProfileRequest.java	a823ee47234adb116891e653d5ed5e12aff4f782cd1cf6e2e99a66f35e8a367e
com/hit/comemyway/dto/request/CreateClinicAccountRequest.java	916479ff853927cd14daae912059e5d0d4f0e7fcb80366ffe69f1ff92e7d857b
com/hit/comemyway/dto/request/DefaultSuggestClinicsRequest.java	881f9544502cfc81d08aaa23b6df145c2100724d7b5d9d8d2e128ca7a36eb349
com/hit/comemyway/dto/request/DeviceTokenRequest.java	360eb9b2f23459d9fa099d030d201bf0e582eb571659d059846f7785d3c7f388
com/hit/comemyway/dto/request/FindFriendRequest.java	c153220d6f1ef19a698b58008e9ced2df1098e98cb3b01db8a8f48470342118b
com/hit/comemyway/dto/request/ForgotPasswordRequest.java	e82a69854b5698bde8298951790ed3e5852df21e02a2bc2a601477a7dc503778
com/hit/comemyway/dto/request/FriendRequest.java	7297f5468b9a38f34d0771f9dc2b5fe73e41253e01581b3fc5cf135a920bc27d
com/hit/comemyway/dto/request/LoginRequest.java	40564e4dba9f778be55546239d7faaf10d5b6cf8618a1b37a2f44a36a033613a
com/hit/comemyway/dto/request/LogoutRequest.java	59eb9af90a319c875d14424d9317160e33d720f83fac7cd7b46db51a1cf34f30
com/hit/comemyway/dto/request/PetLocketCreateRequest.java	3587170f6abcb5073e4a07e323b2c543fd93ddbda949b167538f3b37687fca05
com/hit/comemyway/dto/request/RefreshTokenRequest.java	432efde2779889f99aadc5dbbd2825b6894fd2bca0877a7242a1df2409d641b1
com/hit/comemyway/dto/request/RegisterRequest.java	e306d9b4b28c3cc45d3725326607d138728b522b29ec48d51232d5fe2c5995be
com/hit/comemyway/dto/request/RejectAppointmentRequest.java	a028ceea0b7e0af03e33041d1f9d973500a49f85d63e785fb0b42fb479fda912
com/hit/comemyway/dto/request/ResetPasswordRequest.java	5285207fc9939018cd7c70474d51d35a2e0ba4805902d62f8bea6fef0502674c
com/hit/comemyway/dto/request/SearchClinicsRequest.java	b6d3a8c1d6e23d970f687aeab70a0ffc042ed3ac3790103884a42536c413e55a
com/hit/comemyway/dto/request/SuggestClinicsRequest.java	882dc5ddbc0b79233895c6685d84f482e2ca13a672a1f352ac1f5f0957468f4e
com/hit/comemyway/dto/request/UpdateUserRequest.java	d6bae8b3747c297713520f1ff49c0a7811e5aa5d2af646bfac504b1a58bc4b02
com/hit/comemyway/dto/request/VerifyOtpRequest.java	111782f3fc53f8f4ddc565a61e25199fc018ae0b35659e304afc43b95de563a9
com/hit/comemyway/dto/response/AIChatResponse.java	3c282485c3a696b9fb4c0e98231bb5d70073d07ab6c6fad352f181e29d427020
com/hit/comemyway/dto/response/AppointmentDisplayResponse.java	a57369cb593b47a5b615e5324fd27107e3cc2bf6da1f05bb17b8385c42ac4895
com/hit/comemyway/dto/response/AppointmentResponse.java	1093ad81585d1933aa14b4376439cb307f077f1bf7cdbdff79e8ab22f3a7ed0a
com/hit/comemyway/dto/response/ClinicBookingResponse.java	7fa0b0ea2dc90a6233fe5e68606dce6073179ddbeed67f83df8b614dcde059fe
com/hit/comemyway/dto/response/ClinicDetailResponse.java	df251b872ef4281235502697a29518f52f8de42bcc35d1e63e22c8beeb5092ad
com/hit/comemyway/dto/response/ClinicSearchResponse.java	a5aa319415a2d5158ac1512379e9895a70af3865bacd2158123b6f0a91f265e8
com/hit/comemyway/dto/response/ClinicSuggestionResponse.java	10ae87b68fbdd520da4d924e0f02d3f98b4a389291aff30464d1e0d08e5be05d
com/hit/comemyway/dto/response/CompleteClinicProfileResponse.java	d150e556f71697b45c32d7b88937daabc081432e69a099fce12ff3a2ad18ce67
com/hit/comemyway/dto/response/CursorResponse.java	3ab48ba554ca77464252e34a715ee84ba94a11cdd08b24603de6e163cf17f63d
com/hit/comemyway/dto/response/DefaultSuggestClinicResponse.java	0fc625cc8f8fd5083001218739af8ccfdf4e0441e6643409a8a3bee751d72b97
com/hit/comemyway/dto/response/FindFriendResponse.java	b244c14a2fcefa43a4f899ac57a3eee5af9c913dc25cddffc5d13584d8ea5c1a
com/hit/comemyway/dto/response/ForgotPasswordResponse.java	4215a835904449758e8ad76cb74b976144ea66f409a92528f3ea2926f05409f6
com/hit/comemyway/dto/response/FriendResponse.java	8d16728f84981254656d86c9f9e2a64c22cfd87757f3fc473e04cac2b0a11089
com/hit/comemyway/dto/response/LoginResponse.java	7121e09cbe543103608ca3c1fb32929c10330bbab0a9ffdef6e22c56ae0d2037
com/hit/comemyway/dto/response/PetLocketResponse.java	c2d947034d339c967cd28b49c72d33347cbff2e47ad6e631fd18524b317386fb
com/hit/comemyway/dto/response/RegisterResponse.java	b99d60dafd4eb75aa7c61c905e74d3a070b626e4abb7a37f82fdc00bd3ed41da
com/hit/comemyway/dto/response/ServiceResponse.java	e1370e7bf38124b6f01da0d6bb82ee3958ad4159118bc8f45491266486fa81e6
com/hit/comemyway/dto/response/UpdateUserResponse.java	b522d891c864b8f5d89316bfd88b7ea8fba90ec6c596bb50c522210ff5e097e7
com/hit/comemyway/dto/response/UserResponse.java	69f714bf5e86c3cd85645486891e8b8b32ea063647bf98e6152f062d60fc474a
com/hit/comemyway/entity/AccountStatus.java	d14609fe2b5a0ab483da1dd3216cbd297acfbdc57c739b551308163726b29518
com/hit/comemyway/entity/Appointment.java	15ce83bdc955b94e5b1df188249e3baa16198bf614755a94b414217cd6060dd3
com/hit/comemyway/entity/BaseEntity.java	584f76f3ef9d7c39e575bc43968f12aca6c71f76d84306abb973abbe75c05b24
com/hit/comemyway/entity/BookingStatus.java	182770de875c4c75a9c14540c59dcd0ef7a7e67245cfedf1826625339a8b047c
com/hit/comemyway/entity/BookingType.java	beb9994b3d6d40cdd4b7f73053c935bd1c11da0807d317cbb6becb5a870d4090
com/hit/comemyway/entity/Clinic.java	9ed2e8e5d0395248128c2fd88c1db9237757bdcfba899fd01a597c4c5dc061be
com/hit/comemyway/entity/Friendship.java	9299af11f6007260b15ad3d2f77f12180f6f8d87e263861cd093e1139126812e
com/hit/comemyway/entity/FriendshipStatus.java	d8daff30b3fc9316196a97cca70f878ba6bde2e1ee71915c2ce14632a4a17a4a
com/hit/comemyway/entity/InvalidatedToken.java	ad45f6082cadae29de41ed151cd16377065afe4454202c4b434ec62de6f4421e
com/hit/comemyway/entity/PetLocket.java	6af2ee2985ae4f211a7b9e4f485a36d27b55bf25010e7b06e008c4309de97297
com/hit/comemyway/entity/Role.java	2f95fc9bad3a741722c20406b5d86e4e5339a4ce4eabd3322fbc2c6ffada07d0
com/hit/comemyway/entity/Service.java	a692245654893ffe8ff79d1ec1325e057a02cfe6ee0862e5c234fbfb40f594ad
com/hit/comemyway/entity/User.java	87a12062d88cf23a1f4f987092d1f4caf1d1b2a36f479d8debf2a05da68b00ad
com/hit/comemyway/exception/extended/AppException.java	2f7f8ab350ab99fa6fbacfd5e11b5878665e9fe37a4ed5521fb91bf6c8b5cb80
com/hit/comemyway/exception/extended/DuplicateResourceException.java	0d58e8276266f1fde022e3f2e5b6d79128499aa29fe32054c148c8eadef15aa8
com/hit/comemyway/exception/extended/ResourceNotFoundException.java	0a563e4200ea82427cd8299ddcc8e631ace38e0d57202036549ef25bfa478ae7
com/hit/comemyway/exception/GlobalExceptionHandler.java	5a2a9040b1d2fe8f0f20b5635054454819b4ecb2cd6478d85d6981fbe8c1cebc
com/hit/comemyway/repository/AppointmentRepository.java	7f84b516414483148036de99b00457856bf42567ed18b06b09607c413d8ec02b
com/hit/comemyway/repository/ClinicRepository.java	04186a3d0ded907b606fff2de2d3a8fe916e99af820894b105109a358300b498
com/hit/comemyway/repository/FriendshipRepository.java	eff1310755619904f71586b4d351f43a1cbc0ea2cf95e7e39bbb76b7703e7d83
com/hit/comemyway/repository/InvalidatedRepository.java	cb7f68cbb55f7b9f079fa2ff3fc26c17c3691ac79c42ec17598f04eba53f1729
com/hit/comemyway/repository/PetLocketRepository.java	5425c0e20238a9aab73c51ff4367f6d320d623765871c3c767091a1ea4f6897d
com/hit/comemyway/repository/ServiceRepository.java	b712513564dadff26387939d483ae238b9aa308e739fffff91a4851c29e9e232
com/hit/comemyway/repository/UserRepository.java	9f3027f30aab8d99a68a78580da15d4f102d9c436f7e3404a1440a5299a7c0d4
com/hit/comemyway/security/CustomUserDetails.java	d95bc87f604604cabee309f3457bc5fee3adce2338f3857afd394169b63f085f
com/hit/comemyway/security/CustomUserDetailService.java	c5c1bcd73c2e4442456274d4e1ac8478806e52562844d76c65b783ddd3838ce7
com/hit/comemyway/security/JwtAuthenticationFilter.java	ad29df2135ad9585a585b0807c6b614f4b7f5ba930b47e1bded934a59a9ecdf5
com/hit/comemyway/security/JwtService.java	818d173f403703a3455e50fedc7433f4cd81bd8311d57b86e6fa79cc3de2df32
com/hit/comemyway/security/RateLimitingFilter.java	4ed0779a42c63e04dfa5450b6a584c9c03664d0348f50f01a234c0132a8f2889
com/hit/comemyway/security/SecurityUtils.java	b67445a4c74377b753bcbfb29f16e81e3ee4413c9d88b2a3d062c608bdade0f7
com/hit/comemyway/service/AIService.java	1c029e30b8f9cd6cf5bac365bf253a39c314b148e5bfee846cdeeb2b619c7e60
com/hit/comemyway/service/AppointmentReminderService.java	aebce914bca5919b722ae7fb8ce6f3c6fd5269b0d855210e1bb97206244de003
com/hit/comemyway/service/AppointmentService.java	e4fec6dab883a3ccf1b771e3ddf6104f60d5abf8ff0c78e739678234fedd1dda
com/hit/comemyway/service/AuthService.java	e5ab87fe0af963f0ce35be03416df374681817e394f5616d1b9f01f34b00deee
com/hit/comemyway/service/BrevoEmailService.java	f46b2ca9e510ddcbcd4737a97cc233a4da4b11e289230f0428af8251d6aa6748
com/hit/comemyway/service/ClinicService.java	43910be34a6da4909cef874a1d86a09e85cc9ec4c70cad6615aee473db580b8a
com/hit/comemyway/service/FirebaseMessagingService.java	ae85eb27ff831cc29eeb8b2ae8ea6b41179f0bce61ad070848f8e811a3d4263d
com/hit/comemyway/service/ForgotPasswordService.java	7beb25b7eb7e2efb8efb568b4ea656473b8d0ee8c4e21de397b73cebb37e172e
com/hit/comemyway/service/FriendshipService.java	988a966b80ff63e54f6fa8e833d531bccbb2f49b06be82fb04eb4f13090d8fe3
com/hit/comemyway/service/GeminiService.java	c17a0ce1686d5516a18b4b713ec7d9c3b57b23416654f0e1cd715a85f9bc9111
com/hit/comemyway/service/ImageUploadService.java	b6d3a4accb5250cd23033094645436b07e73b86d1acfc23d53a0d9bfcc7e1f42
com/hit/comemyway/service/MapService.java	d09f49ab1952374369dc2f79f388820121efb2bf30540d703dd27cd0ae3ff9ea
com/hit/comemyway/service/PetLocketService.java	ddb6b499fcf27bc843cef39c668cbffe2e2b86a9cbecea57af6b9bb9df3b5759
com/hit/comemyway/service/SearchClinicsService.java	30eef4bb65089f90202acf39d43997f535b3e0de72f6f5cc857f8c4ed37c5c5a
com/hit/comemyway/service/UserService.java	44b93209988b0b02dc9de6bcd0ba12a0cbf14a812583f24580435d62f1bea3c8
